filepath,target,y_true,y_pred
/data/SONICS/EvalSet/songgeneration2_042.mp3,0,0,0.02817
/data/SONICS/EvalSet/songgeneration2_013.mp3,0,0,0.05252
/data/SONICS/EvalSet/8y6AfQr7HZU.mp3,1,1,0.01374
/data/SONICS/EvalSet/otNL8EcW34g.mp3,1,1,0.01192
/data/SONICS/EvalSet/9IW0WStxMmk.mp3,1,1,0.01596
/data/SONICS/EvalSet/songbloom_067.mp3,0,0,0.01219
/data/SONICS/EvalSet/diffrhythm2_086.mp3,0,0,0.011505
/data/SONICS/EvalSet/heartmula_098.mp3,0,0,0.01473
/data/SONICS/EvalSet/uLxH5__Tx7c.mp3,1,1,0.01234
/data/SONICS/EvalSet/heartmula_064.mp3,0,0,0.01359
/data/SONICS/EvalSet/995D_29jJ1M.mp3,1,1,0.0164
/data/SONICS/EvalSet/diffrhythm2_026.mp3,0,0,0.01924
/data/SONICS/EvalSet/songbloom_081.mp3,0,0,0.0248
/data/SONICS/EvalSet/9Obw1eEznec.mp3,1,1,0.0193
/data/SONICS/EvalSet/diffrhythm2_067.mp3,0,0,0.1099
/data/SONICS/EvalSet/heartmula_003.mp3,0,0,0.012924
/data/SONICS/EvalSet/_cJftsyNf4U.mp3,1,1,0.01224
/data/SONICS/EvalSet/g2qyr4oh3og.mp3,1,1,0.01758
/data/SONICS/EvalSet/songbloom_056.mp3,0,0,0.02391
/data/SONICS/EvalSet/nOO2SI_OFWM.mp3,1,1,0.01147
/data/SONICS/EvalSet/songgeneration2_004.mp3,0,0,0.01192
/data/SONICS/EvalSet/o73N9NyrmPE.mp3,1,1,0.012726
/data/SONICS/EvalSet/songbloom_068.mp3,0,0,0.007607
/data/SONICS/EvalSet/songgeneration2_067.mp3,0,0,0.013954
/data/SONICS/EvalSet/dobDkl6n2HA.mp3,1,1,0.01385
/data/SONICS/EvalSet/3XPob6_frcc.mp3,1,1,0.01061
/data/SONICS/EvalSet/diffrhythm2_000.mp3,0,0,0.03067
/data/SONICS/EvalSet/songbloom_083.mp3,0,0,0.03912
/data/SONICS/EvalSet/songgeneration2_092.mp3,0,0,0.01971
/data/SONICS/EvalSet/songbloom_016.mp3,0,0,0.02391
/data/SONICS/EvalSet/VRT3nyKJUA4.mp3,1,1,0.01956
/data/SONICS/EvalSet/B4fhO0raz2s.mp3,1,1,0.01178
/data/SONICS/EvalSet/songbloom_024.mp3,0,0,0.03738
/data/SONICS/EvalSet/gvy7WPzx6Iw.mp3,1,1,0.01401
/data/SONICS/EvalSet/4wRnDa7GdzQ.mp3,1,1,0.01724
/data/SONICS/EvalSet/2hDRxBpyHbc.mp3,1,1,0.01147
/data/SONICS/EvalSet/songgeneration2_038.mp3,0,0,0.0188
/data/SONICS/EvalSet/heartmula_006.mp3,0,0,0.014114
/data/SONICS/EvalSet/zbc9XRchwMo.mp3,1,1,0.0196
/data/SONICS/EvalSet/songgeneration2_087.mp3,0,0,0.013275
/data/SONICS/EvalSet/KJnm3Vwr_f4.mp3,1,1,0.01439
/data/SONICS/EvalSet/b83NHafdRSc.mp3,1,1,0.0232
/data/SONICS/EvalSet/PoM713hcOo8.mp3,1,1,0.01374
/data/SONICS/EvalSet/diffrhythm2_063.mp3,0,0,0.911
/data/SONICS/EvalSet/songbloom_041.mp3,0,0,0.00971
/data/SONICS/EvalSet/mvxruqbkB2U.mp3,1,1,0.0825
/data/SONICS/EvalSet/heartmula_031.mp3,0,0,0.0991
/data/SONICS/EvalSet/songbloom_042.mp3,0,0,0.03732
/data/SONICS/EvalSet/songbloom_050.mp3,0,0,0.015305
/data/SONICS/EvalSet/ovC-jYlqLOQ.mp3,1,1,0.0112
/data/SONICS/EvalSet/diffrhythm2_005.mp3,0,0,0.01359
/data/SONICS/EvalSet/FnXGvL4fSYs.mp3,1,1,0.01229
/data/SONICS/EvalSet/songgeneration2_012.mp3,0,0,0.01333
/data/SONICS/EvalSet/diffrhythm2_034.mp3,0,0,0.026
/data/SONICS/EvalSet/diffrhythm2_076.mp3,0,0,0.013275
/data/SONICS/EvalSet/elxreZ-hSSQ.mp3,1,1,0.01243
/data/SONICS/EvalSet/heartmula_054.mp3,0,0,0.01078
/data/SONICS/EvalSet/diffrhythm2_073.mp3,0,0,0.01359
/data/SONICS/EvalSet/SvJIsFHQpus.mp3,1,1,0.01234
/data/SONICS/EvalSet/OskpFcgFN0Q.mp3,1,1,0.0121
/data/SONICS/EvalSet/heartmula_089.mp3,0,0,0.01428
/data/SONICS/EvalSet/songgeneration2_069.mp3,0,0,0.02931
/data/SONICS/EvalSet/songgeneration2_001.mp3,0,0,0.03366
/data/SONICS/EvalSet/diffrhythm2_046.mp3,0,0,0.02533
/data/SONICS/EvalSet/YtKzZQAL2d4.mp3,1,1,0.010056
/data/SONICS/EvalSet/heartmula_030.mp3,0,0,0.0121
/data/SONICS/EvalSet/7DBB_j7fro8.mp3,1,1,0.00871
/data/SONICS/EvalSet/yEv69Ex2i_0.mp3,1,1,0.012825
/data/SONICS/EvalSet/diffrhythm2_097.mp3,0,0,0.01578
/data/SONICS/EvalSet/CafBx4Gwc7c.mp3,1,1,0.011734
/data/SONICS/EvalSet/r3l9sP3WawA.mp3,1,1,0.01462
/data/SONICS/EvalSet/Rmve1SHLoZU.mp3,1,1,0.015076
/data/SONICS/EvalSet/zR-G0IVF0Ro.mp3,1,1,0.0107
/data/SONICS/EvalSet/3dMSPFKGmAo.mp3,1,1,0.012924
/data/SONICS/EvalSet/3YV8OLGrcfw.mp3,1,1,0.01423
/data/SONICS/EvalSet/T9IigYGbMn0.mp3,1,1,0.01238
/data/SONICS/EvalSet/eJ0N9lRkHP8.mp3,1,1,0.01049
/data/SONICS/EvalSet/heartmula_094.mp3,0,0,0.02034
/data/SONICS/EvalSet/songbloom_040.mp3,0,0,0.01646
/data/SONICS/EvalSet/songbloom_014.mp3,0,0,0.007725
/data/SONICS/EvalSet/heartmula_036.mp3,0,0,0.01778
/data/SONICS/EvalSet/KC7IggptNSQ.mp3,1,1,0.01554
/data/SONICS/EvalSet/A-Pn6JoonZo.mp3,1,1,0.04047
/data/SONICS/EvalSet/AehqlCYuosE.mp3,1,1,0.01224
/data/SONICS/EvalSet/k8QAv2vi0t0.mp3,1,1,0.013535
/data/SONICS/EvalSet/x54NLtz2Cgw.mp3,1,1,0.01653
/data/SONICS/EvalSet/xuudgAE5SSg.mp3,1,1,0.00927
/data/SONICS/EvalSet/diffrhythm2_015.mp3,0,0,0.01785
/data/SONICS/EvalSet/dty4Jk0eERA.mp3,1,1,0.00952
/data/SONICS/EvalSet/EF6FA53aagI.mp3,1,1,0.01423
/data/SONICS/EvalSet/songbloom_087.mp3,0,0,0.01257
/data/SONICS/EvalSet/songgeneration2_061.mp3,0,0,0.02052
/data/SONICS/EvalSet/diffrhythm2_021.mp3,0,0,0.02821
/data/SONICS/EvalSet/heartmula_001.mp3,0,0,0.02676
/data/SONICS/EvalSet/songbloom_074.mp3,0,0,0.01445
/data/SONICS/EvalSet/songbloom_054.mp3,0,0,0.015076
/data/SONICS/EvalSet/songgeneration2_051.mp3,0,0,0.01554
/data/SONICS/EvalSet/t25PGVZmINA.mp3,1,1,0.01107
/data/SONICS/EvalSet/7qvkRmtKx0c.mp3,1,1,0.01049
/data/SONICS/EvalSet/songgeneration2_096.mp3,0,0,0.03079
/data/SONICS/EvalSet/MrGg2Jp9P4A.mp3,1,1,0.01041
/data/SONICS/EvalSet/heartmula_040.mp3,0,0,0.01752
/data/SONICS/EvalSet/EF8S5XB-eYs.mp3,1,1,0.01224
/data/SONICS/EvalSet/HwpCsCVENfY.mp3,1,1,0.0205
/data/SONICS/EvalSet/AWACrB7x5uA.mp3,1,1,0.015015
/data/SONICS/EvalSet/TVOrRPUuuBI.mp3,1,1,0.01234
/data/SONICS/EvalSet/diffrhythm2_092.mp3,0,0,0.01267
/data/SONICS/EvalSet/uWL6LCqGABM.mp3,1,1,0.01359
/data/SONICS/EvalSet/TzIKx2_iPsA.mp3,1,1,0.011375
/data/SONICS/EvalSet/eV0G6qCl7sw.mp3,1,1,0.014175
/data/SONICS/EvalSet/heartmula_033.mp3,0,0,0.01061
/data/SONICS/EvalSet/lb6ikLrf4Uk.mp3,1,1,0.01287
/data/SONICS/EvalSet/CGNo8nhTRkM.mp3,1,1,0.01634
/data/SONICS/EvalSet/1Ct6rWj4Sos.mp3,1,1,0.012726
/data/SONICS/EvalSet/songgeneration2_066.mp3,0,0,0.0339
/data/SONICS/EvalSet/FpnKgpjBvUk.mp3,1,1,0.01302
/data/SONICS/EvalSet/m-xqJ_ulkg0.mp3,1,1,0.01238
/data/SONICS/EvalSet/vsBd9xZ4qy4.mp3,1,1,0.01369
/data/SONICS/EvalSet/U2Zmjt27MXM.mp3,1,1,0.01473
/data/SONICS/EvalSet/ZtKcGjqn4_8.mp3,1,1,0.00874
/data/SONICS/EvalSet/diffrhythm2_056.mp3,0,0,0.02954
/data/SONICS/EvalSet/hETkqGwe6Sw.mp3,1,1,0.01248
/data/SONICS/EvalSet/HbmOtHKKOPI.mp3,1,1,0.01572
/data/SONICS/EvalSet/songgeneration2_065.mp3,0,0,0.02493
/data/SONICS/EvalSet/URlyX4sZpuQ.mp3,1,1,0.01147
/data/SONICS/EvalSet/beh6rcb7vMc.mp3,1,1,0.01549
/data/SONICS/EvalSet/songbloom_037.mp3,0,0,0.011505
/data/SONICS/EvalSet/3D8NSSi9uhY.mp3,1,1,0.00934
/data/SONICS/EvalSet/diffrhythm2_006.mp3,0,0,0.0551
/data/SONICS/EvalSet/songgeneration2_002.mp3,0,0,0.04193
/data/SONICS/EvalSet/songgeneration2_008.mp3,0,0,0.02052
/data/SONICS/EvalSet/diffrhythm2_036.mp3,0,0,0.0354
/data/SONICS/EvalSet/BLg9pxgAS5A.mp3,1,1,0.01744
/data/SONICS/EvalSet/songgeneration2_034.mp3,0,0,0.05655
/data/SONICS/EvalSet/diffrhythm2_042.mp3,0,0,0.06064
/data/SONICS/EvalSet/jilKvFn_Lx4.mp3,1,1,0.01169
/data/SONICS/EvalSet/u5guFhbXvYo.mp3,1,1,0.01744
/data/SONICS/EvalSet/diffrhythm2_054.mp3,0,0,0.9697
/data/SONICS/EvalSet/songbloom_090.mp3,0,0,0.01616
/data/SONICS/EvalSet/heartmula_017.mp3,0,0,0.02141
/data/SONICS/EvalSet/URoSazSn0Eg.mp3,1,1,0.01277
/data/SONICS/EvalSet/opS3JOOKwmE.mp3,1,1,0.01267
/data/SONICS/EvalSet/heartmula_091.mp3,0,0,0.008675
/data/SONICS/EvalSet/W6cw89wBWiA.mp3,1,1,0.010735
/data/SONICS/EvalSet/0V8wRr6aIsU.mp3,1,1,0.01525
/data/SONICS/EvalSet/heartmula_072.mp3,0,0,0.01646
/data/SONICS/EvalSet/F2jgDWCBAfU.mp3,1,1,0.01348
/data/SONICS/EvalSet/diffrhythm2_066.mp3,0,0,0.7617
/data/SONICS/EvalSet/songbloom_098.mp3,0,0,0.03748
/data/SONICS/EvalSet/p8MsJ4c_L2o.mp3,1,1,0.01103
/data/SONICS/EvalSet/songbloom_086.mp3,0,0,0.02576
/data/SONICS/EvalSet/-DdWTeiU6dw.mp3,1,1,0.00982
/data/SONICS/EvalSet/songgeneration2_084.mp3,0,0,0.096
/data/SONICS/EvalSet/vk8x8fH3fBQ.mp3,1,1,0.0121
/data/SONICS/EvalSet/lrwsktPV_No.mp3,1,1,0.01369
/data/SONICS/EvalSet/songbloom_035.mp3,0,0,0.01343
/data/SONICS/EvalSet/zhuTb6lK_iA.mp3,1,1,0.01287
/data/SONICS/EvalSet/songgeneration2_090.mp3,0,0,0.007755
/data/SONICS/EvalSet/knRIFlGEtWA.mp3,1,1,0.0156
/data/SONICS/EvalSet/songgeneration2_016.mp3,0,0,0.02522
/data/SONICS/EvalSet/diffrhythm2_004.mp3,0,0,0.01991
/data/SONICS/EvalSet/songbloom_061.mp3,0,0,0.00971
/data/SONICS/EvalSet/diffrhythm2_069.mp3,0,0,0.53
/data/SONICS/EvalSet/diffrhythm2_082.mp3,0,0,0.02596
/data/SONICS/EvalSet/heartmula_002.mp3,0,0,0.1287
/data/SONICS/EvalSet/BFi03NwbtVc.mp3,1,1,0.01317
/data/SONICS/EvalSet/LyUInQ7Jobo.mp3,1,1,0.01099
/data/SONICS/EvalSet/diffrhythm2_090.mp3,0,0,0.01549
/data/SONICS/EvalSet/goxMwKKUIxM.mp3,1,1,0.0121
/data/SONICS/EvalSet/heartmula_048.mp3,0,0,0.01554
/data/SONICS/EvalSet/diffrhythm2_049.mp3,0,0,0.01778
/data/SONICS/EvalSet/songgeneration2_053.mp3,0,0,0.975
/data/SONICS/EvalSet/JsKNiGmkeig.mp3,1,1,0.01678
/data/SONICS/EvalSet/glkZ5iJtWlQ.mp3,1,1,0.0112
/data/SONICS/EvalSet/UrlRrFX9gW0.mp3,1,1,0.01057
/data/SONICS/EvalSet/songgeneration2_005.mp3,0,0,0.141
/data/SONICS/EvalSet/7tUzhodl_rw.mp3,1,1,0.01277
/data/SONICS/EvalSet/songgeneration2_082.mp3,0,0,0.01257
/data/SONICS/EvalSet/songbloom_066.mp3,0,0,0.03062
/data/SONICS/EvalSet/songbloom_028.mp3,0,0,0.05655
/data/SONICS/EvalSet/songgeneration2_019.mp3,0,0,0.01659
/data/SONICS/EvalSet/nSySP7RsxYA.mp3,1,1,0.01519
/data/SONICS/EvalSet/SBeZilJc09w.mp3,1,1,0.011734
/data/SONICS/EvalSet/songgeneration2_059.mp3,0,0,0.0161
/data/SONICS/EvalSet/songgeneration2_035.mp3,0,0,0.02145
/data/SONICS/EvalSet/8O3C6yf0FaI.mp3,1,1,0.013374
/data/SONICS/EvalSet/songbloom_022.mp3,0,0,0.0093
/data/SONICS/EvalSet/songbloom_077.mp3,0,0,0.01363
/data/SONICS/EvalSet/heartmula_039.mp3,0,0,0.01634
/data/SONICS/EvalSet/songbloom_049.mp3,0,0,0.0318
/data/SONICS/EvalSet/heartmula_050.mp3,0,0,0.01103
/data/SONICS/EvalSet/heartmula_044.mp3,0,0,0.0112
/data/SONICS/EvalSet/aRcjGDySSJE.mp3,1,1,0.012825
/data/SONICS/EvalSet/songbloom_032.mp3,0,0,0.015366
/data/SONICS/EvalSet/songbloom_015.mp3,0,0,0.01317
/data/SONICS/EvalSet/DGkhwJLdfPM.mp3,1,1,0.011505
/data/SONICS/EvalSet/songbloom_096.mp3,0,0,0.04193
/data/SONICS/EvalSet/QenbfNSSRW8.mp3,1,1,0.01406
/data/SONICS/EvalSet/yX5KYphs_vg.mp3,1,1,0.0121
/data/SONICS/EvalSet/songbloom_000.mp3,0,0,0.0649
/data/SONICS/EvalSet/diffrhythm2_030.mp3,0,0,0.01196
/data/SONICS/EvalSet/N3pGvUFZs9I.mp3,1,1,0.008156
/data/SONICS/EvalSet/9dVq-vq6ors.mp3,1,1,0.01033
/data/SONICS/EvalSet/lgbi0RbmgVA.mp3,1,1,0.01343
/data/SONICS/EvalSet/JcvnvshYA3k.mp3,1,1,0.01439
/data/SONICS/EvalSet/6DLQwB-_RTU.mp3,1,1,0.01473
/data/SONICS/EvalSet/9pjj8-KvrRk.mp3,1,1,0.01369
/data/SONICS/EvalSet/songgeneration2_037.mp3,0,0,0.05942
/data/SONICS/EvalSet/diffrhythm2_095.mp3,0,0,0.0712
/data/SONICS/EvalSet/heartmula_052.mp3,0,0,0.01116
/data/SONICS/EvalSet/uPcR-zelR68.mp3,1,1,0.01133
/data/SONICS/EvalSet/Jz9Mox7L2UM.mp3,1,1,0.01473
/data/SONICS/EvalSet/BWvZkPqH6Kg.mp3,1,1,0.012146
/data/SONICS/EvalSet/OKUx1d2Ppz8.mp3,1,1,0.01248
/data/SONICS/EvalSet/OHh3KxPtNYg.mp3,1,1,0.015076
/data/SONICS/EvalSet/3CUr0bnDCfM.mp3,1,1,0.01307
/data/SONICS/EvalSet/heartmula_056.mp3,0,0,0.02104
/data/SONICS/EvalSet/S76YWQpIbzU.mp3,1,1,0.01385
/data/SONICS/EvalSet/_ToSKAFV1o0.mp3,1,1,0.01267
/data/SONICS/EvalSet/songgeneration2_070.mp3,0,0,0.01646
/data/SONICS/EvalSet/songgeneration2_076.mp3,0,0,0.883
/data/SONICS/EvalSet/K4RqzbDzeaI.mp3,1,1,0.01859
/data/SONICS/EvalSet/songgeneration2_010.mp3,0,0,0.0539
/data/SONICS/EvalSet/diffrhythm2_051.mp3,0,0,0.03934
/data/SONICS/EvalSet/KMJW3XWcuvE.mp3,1,1,0.01513
/data/SONICS/EvalSet/heartmula_081.mp3,0,0,0.01823
/data/SONICS/EvalSet/04WRI-0odjk.mp3,1,1,0.0156
/data/SONICS/EvalSet/songgeneration2_074.mp3,0,0,0.04037
/data/SONICS/EvalSet/tEJpRZT6xg4.mp3,1,1,0.01317
/data/SONICS/EvalSet/AHapZupKaxI.mp3,1,1,0.01147
/data/SONICS/EvalSet/songbloom_005.mp3,0,0,0.01037
/data/SONICS/EvalSet/diffrhythm2_039.mp3,0,0,0.01359
/data/SONICS/EvalSet/LNCzZXbLj3k.mp3,1,1,0.01142
/data/SONICS/EvalSet/diffrhythm2_032.mp3,0,0,0.01164
/data/SONICS/EvalSet/ZeqLI63SQcY.mp3,1,1,0.0159
/data/SONICS/EvalSet/XB2TkbQa5Uo.mp3,1,1,0.014336
/data/SONICS/EvalSet/heartmula_058.mp3,0,0,0.4626
/data/SONICS/EvalSet/gcZN9x4q4kg.mp3,1,1,0.014336
/data/SONICS/EvalSet/Jndfd7m_dZg.mp3,1,1,0.01495
/data/SONICS/EvalSet/g-kpCWei42M.mp3,1,1,0.011826
/data/SONICS/EvalSet/heartmula_012.mp3,0,0,0.02982
/data/SONICS/EvalSet/m2-HKlTuoqg.mp3,1,1,0.01513
/data/SONICS/EvalSet/songgeneration2_095.mp3,0,0,0.9053
/data/SONICS/EvalSet/heartmula_034.mp3,0,0,0.0877
/data/SONICS/EvalSet/5vwY9aYihEU.mp3,1,1,0.00948
/data/SONICS/EvalSet/iFv02CwVdpM.mp3,1,1,0.00822
/data/SONICS/EvalSet/Fjjnpeq-2dM.mp3,1,1,0.0116
/data/SONICS/EvalSet/diffrhythm2_084.mp3,0,0,0.03253
/data/SONICS/EvalSet/80uO7DKu9ck.mp3,1,1,0.012146
/data/SONICS/EvalSet/dcJhXrftfpI.mp3,1,1,0.01219
/data/SONICS/EvalSet/heartmula_087.mp3,0,0,0.0906
/data/SONICS/EvalSet/songbloom_071.mp3,0,0,0.0318
/data/SONICS/EvalSet/Y7wMipBqf4c.mp3,1,1,0.01312
/data/SONICS/EvalSet/UptgRHX4JsI.mp3,1,1,0.01634
/data/SONICS/EvalSet/songbloom_039.mp3,0,0,0.04395
/data/SONICS/EvalSet/diffrhythm2_072.mp3,0,0,0.851
/data/SONICS/EvalSet/2rLwjYdwL68.mp3,1,1,0.01267
/data/SONICS/EvalSet/wKSHjjesHKI.mp3,1,1,0.01013
/data/SONICS/EvalSet/diffrhythm2_091.mp3,0,0,0.0677
/data/SONICS/EvalSet/diffrhythm2_096.mp3,0,0,0.02493
/data/SONICS/EvalSet/7I7X2c3zNX0.mp3,1,1,0.00952
/data/SONICS/EvalSet/diffrhythm2_071.mp3,0,0,0.02225
/data/SONICS/EvalSet/songgeneration2_079.mp3,0,0,0.01343
/data/SONICS/EvalSet/songbloom_075.mp3,0,0,0.1444
/data/SONICS/EvalSet/j6i-OfUWUuY.mp3,1,1,0.01578
/data/SONICS/EvalSet/diffrhythm2_074.mp3,0,0,0.012726
/data/SONICS/EvalSet/diffrhythm2_025.mp3,0,0,0.04587
/data/SONICS/EvalSet/2EyeYlPhzLc.mp3,1,1,0.01428
/data/SONICS/EvalSet/songbloom_030.mp3,0,0,0.01791
/data/SONICS/EvalSet/songgeneration2_094.mp3,0,0,0.13
/data/SONICS/EvalSet/BiCR8SYLmAY.mp3,1,1,0.01495
/data/SONICS/EvalSet/8QAa59bMDqQ.mp3,1,1,0.0139
/data/SONICS/EvalSet/heartmula_070.mp3,0,0,0.0139
/data/SONICS/EvalSet/diffrhythm2_031.mp3,0,0,0.0222
/data/SONICS/EvalSet/heartmula_055.mp3,0,0,0.01549
/data/SONICS/EvalSet/QgAn5mALMH4.mp3,1,1,0.01971
/data/SONICS/EvalSet/rtdbV6ye9AA.mp3,1,1,0.02277
/data/SONICS/EvalSet/izBMdahxvHM.mp3,1,1,0.01758
/data/SONICS/EvalSet/XLhRseePBog.mp3,1,1,0.01061
/data/SONICS/EvalSet/heartmula_032.mp3,0,0,0.01584
/data/SONICS/EvalSet/heartmula_075.mp3,0,0,0.00885
/data/SONICS/EvalSet/diffrhythm2_059.mp3,0,0,0.0287
/data/SONICS/EvalSet/diffrhythm2_068.mp3,0,0,0.03296
/data/SONICS/EvalSet/heartmula_051.mp3,0,0,0.01243
/data/SONICS/EvalSet/hy16mkI7KOk.mp3,1,1,0.01704
/data/SONICS/EvalSet/Pw2jFYwHmmk.mp3,1,1,0.07043
/data/SONICS/EvalSet/songgeneration2_022.mp3,0,0,0.01862
/data/SONICS/EvalSet/e0XPelclF_Y.mp3,1,1,0.013275
/data/SONICS/EvalSet/O0klKwQV0ZM.mp3,1,1,0.01277
/data/SONICS/EvalSet/aU5uPbXXSfc.mp3,1,1,0.01685
/data/SONICS/EvalSet/low6Coqrw9Y.mp3,1,1,0.02727
/data/SONICS/EvalSet/songgeneration2_056.mp3,0,0,0.0173
/data/SONICS/EvalSet/AN-6EPkuP_U.mp3,1,1,0.011826
/data/SONICS/EvalSet/songbloom_089.mp3,0,0,0.01133
/data/SONICS/EvalSet/heartmula_013.mp3,0,0,0.015076
/data/SONICS/EvalSet/F5tUQw6ON8Y.mp3,1,1,0.01764
/data/SONICS/EvalSet/GoSC0H95gps.mp3,1,1,0.007175
/data/SONICS/EvalSet/diffrhythm2_040.mp3,0,0,0.02365
/data/SONICS/EvalSet/DbBLirAGKyQ.mp3,1,1,0.01764
/data/SONICS/EvalSet/heartmula_019.mp3,0,0,0.01964
/data/SONICS/EvalSet/DCk8EyEdnQ8.mp3,1,1,0.01738
/data/SONICS/EvalSet/nT5ENOS_Hx8.mp3,1,1,0.01307
/data/SONICS/EvalSet/songgeneration2_080.mp3,0,0,0.013954
/data/SONICS/EvalSet/songgeneration2_089.mp3,0,0,0.04648
/data/SONICS/EvalSet/songbloom_021.mp3,0,0,0.01513
/data/SONICS/EvalSet/iW-DJWK5FGQ.mp3,1,1,0.01567
/data/SONICS/EvalSet/i2qfQu_-WQU.mp3,1,1,0.01718
/data/SONICS/EvalSet/1HujO3vWIMk.mp3,1,1,0.015076
/data/SONICS/EvalSet/heartmula_041.mp3,0,0,0.01095
/data/SONICS/EvalSet/61NOzpbHLOE.mp3,1,1,0.01752
/data/SONICS/EvalSet/5wKcUJE4ztQ.mp3,1,1,0.02182
/data/SONICS/EvalSet/OqAt1CKCwjw.mp3,1,1,0.01685
/data/SONICS/EvalSet/songgeneration2_049.mp3,0,0,0.01543
/data/SONICS/EvalSet/songbloom_059.mp3,0,0,0.012726
/data/SONICS/EvalSet/heartmula_020.mp3,0,0,0.02606
/data/SONICS/EvalSet/Q5ubZfnKAN4.mp3,1,1,0.01099
/data/SONICS/EvalSet/oK-ficGX6kg.mp3,1,1,0.01029
/data/SONICS/EvalSet/pWL49dU-ToY.mp3,1,1,0.02373
/data/SONICS/EvalSet/Q0WAOk78d6U.mp3,1,1,0.01333
/data/SONICS/EvalSet/songgeneration2_011.mp3,0,0,0.8364
/data/SONICS/EvalSet/uim0iNCRUpg.mp3,1,1,0.00978
/data/SONICS/EvalSet/dMAhC4lL3dE.mp3,1,1,0.0107
/data/SONICS/EvalSet/uetFO7y8WPA.mp3,1,1,0.01348
/data/SONICS/EvalSet/qW_WW_r_kQg.mp3,1,1,0.013275
/data/SONICS/EvalSet/1rhq4puGK6M.mp3,1,1,0.01616
/data/SONICS/EvalSet/-N7QW-5snrM.mp3,1,1,0.0205
/data/SONICS/EvalSet/diffrhythm2_075.mp3,0,0,0.0887
/data/SONICS/EvalSet/ckD5f6SHGLM.mp3,1,1,0.01224
/data/SONICS/EvalSet/songbloom_026.mp3,0,0,0.01333
/data/SONICS/EvalSet/heartmula_053.mp3,0,0,0.02162
/data/SONICS/EvalSet/diffrhythm2_078.mp3,0,0,0.024
/data/SONICS/EvalSet/heartmula_086.mp3,0,0,0.01164
/data/SONICS/EvalSet/heartmula_025.mp3,0,0,0.01984
/data/SONICS/EvalSet/songbloom_084.mp3,0,0,0.01045
/data/SONICS/EvalSet/songgeneration2_060.mp3,0,0,0.0201
/data/SONICS/EvalSet/diffrhythm2_064.mp3,0,0,0.02211
/data/SONICS/EvalSet/heartmula_065.mp3,0,0,0.01129
/data/SONICS/EvalSet/11Nw_Es-erg.mp3,1,1,0.0149
/data/SONICS/EvalSet/anQD6CSt5F8.mp3,1,1,0.01602
/data/SONICS/EvalSet/2akRoGO8PaQ.mp3,1,1,0.01267
/data/SONICS/EvalSet/XIFzLIV25lk.mp3,1,1,0.02037
/data/SONICS/EvalSet/rBPQC06L-iY.mp3,1,1,0.00909
/data/SONICS/EvalSet/songgeneration2_036.mp3,0,0,0.01628
/data/SONICS/EvalSet/xmU1pVX97M0.mp3,1,1,0.012924
/data/SONICS/EvalSet/songbloom_072.mp3,0,0,0.02216
/data/SONICS/EvalSet/diffrhythm2_080.mp3,0,0,0.02017
/data/SONICS/EvalSet/songgeneration2_017.mp3,0,0,0.01401
/data/SONICS/EvalSet/TQDQjbiaYUw.mp3,1,1,0.00982
/data/SONICS/EvalSet/_5BxXp_3U3c.mp3,1,1,0.01234
/data/SONICS/EvalSet/DqqrnEsEPFo.mp3,1,1,0.01423
/data/SONICS/EvalSet/ofxBOfChcdY.mp3,1,1,0.01584
/data/SONICS/EvalSet/dvfJb10oc0M.mp3,1,1,0.02722
/data/SONICS/EvalSet/qtW8jolOStU.mp3,1,1,0.02129
/data/SONICS/EvalSet/diffrhythm2_024.mp3,0,0,0.0149
/data/SONICS/EvalSet/QtYG4X38bdo.mp3,1,1,0.01484
/data/SONICS/EvalSet/songbloom_095.mp3,0,0,0.01053
/data/SONICS/EvalSet/heartmula_004.mp3,0,0,0.01772
/data/SONICS/EvalSet/MXE_ENHrt3A.mp3,1,1,0.01025
/data/SONICS/EvalSet/APk3Qk3fu4U.mp3,1,1,0.01653
/data/SONICS/EvalSet/heartmula_061.mp3,0,0,0.02194
/data/SONICS/EvalSet/songgeneration2_041.mp3,0,0,0.0161
/data/SONICS/EvalSet/diffrhythm2_017.mp3,0,0,0.01659
/data/SONICS/EvalSet/9VQoSfEDzB0.mp3,1,1,0.0093
/data/SONICS/EvalSet/lDOT9rIU9sU.mp3,1,1,0.01883
/data/SONICS/EvalSet/RZl3Ku2vmhw.mp3,1,1,0.010735
/data/SONICS/EvalSet/diffrhythm2_011.mp3,0,0,0.01906
/data/SONICS/EvalSet/ZwaeqNV6Mjo.mp3,1,1,0.01307
/data/SONICS/EvalSet/D9sP7Nnh0fw.mp3,1,1,0.01263
/data/SONICS/EvalSet/uRlxutVyNpw.mp3,1,1,0.01406
/data/SONICS/EvalSet/HBC4HySpDoA.mp3,1,1,0.012924
/data/SONICS/EvalSet/IZ6pMSAMaHs.mp3,1,1,0.013374
/data/SONICS/EvalSet/songgeneration2_006.mp3,0,0,0.02586
/data/SONICS/EvalSet/diffrhythm2_029.mp3,0,0,0.01819
/data/SONICS/EvalSet/_Gs3fg_WsEg.mp3,1,1,0.01596
/data/SONICS/EvalSet/-00LQHKG4kI.mp3,1,1,0.01495
/data/SONICS/EvalSet/yyKMWmm3nPs.mp3,1,1,0.01133
/data/SONICS/EvalSet/songbloom_048.mp3,0,0,0.01602
/data/SONICS/EvalSet/zQ9rgz2XyE0.mp3,1,1,0.01976
/data/SONICS/EvalSet/heartmula_073.mp3,0,0,0.0156
/data/SONICS/EvalSet/diffrhythm2_018.mp3,0,0,0.01872
/data/SONICS/EvalSet/songbloom_070.mp3,0,0,0.015366
/data/SONICS/EvalSet/HAkt3KAuYIE.mp3,1,1,0.01238
/data/SONICS/EvalSet/Y9syx3UaMtk.mp3,1,1,0.00971
/data/SONICS/EvalSet/tiajI3_6UE0.mp3,1,1,0.008125
/data/SONICS/EvalSet/heartmula_028.mp3,0,0,0.01758
/data/SONICS/EvalSet/heartmula_042.mp3,0,0,0.02748
/data/SONICS/EvalSet/diffrhythm2_014.mp3,0,0,0.03622
/data/SONICS/EvalSet/diffrhythm2_058.mp3,0,0,0.01053
/data/SONICS/EvalSet/sH1-Awp097A.mp3,1,1,0.01103
/data/SONICS/EvalSet/LJ4ZBlYrL9A.mp3,1,1,0.008644
/data/SONICS/EvalSet/songbloom_094.mp3,0,0,0.04202
/data/SONICS/EvalSet/songgeneration2_081.mp3,0,0,0.01343
/data/SONICS/EvalSet/songgeneration2_072.mp3,0,0,0.6675
/data/SONICS/EvalSet/songbloom_031.mp3,0,0,0.013954
/data/SONICS/EvalSet/eou9V-xp1YA.mp3,1,1,0.03754
/data/SONICS/EvalSet/diffrhythm2_008.mp3,0,0,0.02533
/data/SONICS/EvalSet/songbloom_013.mp3,0,0,0.02527
/data/SONICS/EvalSet/diffrhythm2_047.mp3,0,0,0.0494
/data/SONICS/EvalSet/diffrhythm2_050.mp3,0,0,0.0334
/data/SONICS/EvalSet/heartmula_059.mp3,0,0,0.01772
/data/SONICS/EvalSet/6_-G6YvOPpg.mp3,1,1,0.01164
/data/SONICS/EvalSet/diffrhythm2_089.mp3,0,0,0.02982
/data/SONICS/EvalSet/fLU5QYDvwPg.mp3,1,1,0.01307
/data/SONICS/EvalSet/m4ZDDphSO50.mp3,1,1,0.02072
/data/SONICS/EvalSet/diffrhythm2_001.mp3,0,0,0.0278
/data/SONICS/EvalSet/SB06ZatUbk8.mp3,1,1,0.01001
/data/SONICS/EvalSet/zm5ShoO4Y1k.mp3,1,1,0.01257
/data/SONICS/EvalSet/songgeneration2_018.mp3,0,0,0.01622
/data/SONICS/EvalSet/FJ6EoyW63kM.mp3,1,1,0.01348
/data/SONICS/EvalSet/8M8vOor4Z80.mp3,1,1,0.01423
/data/SONICS/EvalSet/songbloom_045.mp3,0,0,0.00982
/data/SONICS/EvalSet/heartmula_047.mp3,0,0,0.01267
/data/SONICS/EvalSet/F0GYEj_jhWY.mp3,1,1,0.01971
/data/SONICS/EvalSet/heartmula_085.mp3,0,0,0.01333
/data/SONICS/EvalSet/songgeneration2_064.mp3,0,0,0.013794
/data/SONICS/EvalSet/songbloom_029.mp3,0,0,0.005363
/data/SONICS/EvalSet/songgeneration2_083.mp3,0,0,0.837
/data/SONICS/EvalSet/QJWjKlqxDC4.mp3,1,1,0.0145
/data/SONICS/EvalSet/diffrhythm2_044.mp3,0,0,0.04062
/data/SONICS/EvalSet/heartmula_037.mp3,0,0,0.1896
/data/SONICS/EvalSet/jkPF_NTM3oE.mp3,1,1,0.00974
/data/SONICS/EvalSet/urrpSnG-47s.mp3,1,1,0.01219
/data/SONICS/EvalSet/MBRlvoF0PsA.mp3,1,1,0.01041
/data/SONICS/EvalSet/IUN7VvEu6GA.mp3,1,1,0.01099
/data/SONICS/EvalSet/songbloom_080.mp3,0,0,0.012924
/data/SONICS/EvalSet/songgeneration2_043.mp3,0,0,0.946
/data/SONICS/EvalSet/R7DVxHdGMEI.mp3,1,1,0.01406
/data/SONICS/EvalSet/qCyMcvXDXWM.mp3,1,1,0.01495
/data/SONICS/EvalSet/7FPlAKE5Jsk.mp3,1,1,0.012825
/data/SONICS/EvalSet/heartmula_095.mp3,0,0,0.0452
/data/SONICS/EvalSet/yOX6qATzVVc.mp3,1,1,0.01099
/data/SONICS/EvalSet/heartmula_093.mp3,0,0,0.01813
/data/SONICS/EvalSet/diffrhythm2_061.mp3,0,0,0.0164
/data/SONICS/EvalSet/diffrhythm2_093.mp3,0,0,0.8623
/data/SONICS/EvalSet/songgeneration2_085.mp3,0,0,0.01826
/data/SONICS/EvalSet/KSC_6w0Kp6E.mp3,1,1,0.01369
/data/SONICS/EvalSet/esPPcVWnGcg.mp3,1,1,0.01192
/data/SONICS/EvalSet/KP40o_obSKY.mp3,1,1,0.01333
/data/SONICS/EvalSet/heartmula_007.mp3,0,0,0.0417
/data/SONICS/EvalSet/diffrhythm2_003.mp3,0,0,0.8423
/data/SONICS/EvalSet/diffrhythm2_060.mp3,0,0,0.013794
/data/SONICS/EvalSet/2MMfquRR4GI.mp3,1,1,0.01201
/data/SONICS/EvalSet/PiYti63Sbvk.mp3,1,1,0.0145
/data/SONICS/EvalSet/songbloom_099.mp3,0,0,0.0397
/data/SONICS/EvalSet/diffrhythm2_052.mp3,0,0,0.01843
/data/SONICS/EvalSet/hQz-SdcjcWY.mp3,1,1,0.01401
/data/SONICS/EvalSet/songgeneration2_091.mp3,0,0,0.79
/data/SONICS/EvalSet/1aQd99zfIRo.mp3,1,1,0.05023
/data/SONICS/EvalSet/heartmula_015.mp3,0,0,0.00923
/data/SONICS/EvalSet/heartmula_016.mp3,0,0,0.03223
/data/SONICS/EvalSet/diffrhythm2_045.mp3,0,0,0.014786
/data/SONICS/EvalSet/diffrhythm2_094.mp3,0,0,0.0116
/data/SONICS/EvalSet/2sE1_hQvFQw.mp3,1,1,0.01147
/data/SONICS/EvalSet/songbloom_043.mp3,0,0,0.01724
/data/SONICS/EvalSet/PMtei0rhKbc.mp3,1,1,0.01513
/data/SONICS/EvalSet/4W5g2tU1urM.mp3,1,1,0.01201
/data/SONICS/EvalSet/Pp2ybzNzgjk.mp3,1,1,0.01359
/data/SONICS/EvalSet/_zQBeX19uzs.mp3,1,1,0.0156
/data/SONICS/EvalSet/diffrhythm2_038.mp3,0,0,0.04047
/data/SONICS/EvalSet/songgeneration2_014.mp3,0,0,0.02438
/data/SONICS/EvalSet/heartmula_024.mp3,0,0,0.01909
/data/SONICS/EvalSet/ra3eFoM-lns.mp3,1,1,0.013535
/data/SONICS/EvalSet/diffrhythm2_012.mp3,0,0,0.2233
/data/SONICS/EvalSet/songbloom_057.mp3,0,0,0.0161
/data/SONICS/EvalSet/Mm9MT1tc0aA.mp3,1,1,0.01628
/data/SONICS/EvalSet/JDwG5I6A-68.mp3,1,1,0.01178
/data/SONICS/EvalSet/heartmula_057.mp3,0,0,0.0986
/data/SONICS/EvalSet/songbloom_017.mp3,0,0,0.0184
/data/SONICS/EvalSet/diffrhythm2_081.mp3,0,0,0.01333
/data/SONICS/EvalSet/heartmula_038.mp3,0,0,0.01554
/data/SONICS/EvalSet/diffrhythm2_027.mp3,0,0,0.01602
/data/SONICS/EvalSet/GgseiZVkZpg.mp3,1,1,0.013275
/data/SONICS/EvalSet/ixHw4Pv2HkQ.mp3,1,1,0.01843
/data/SONICS/EvalSet/PmSVKbh7bbA.mp3,1,1,0.01057
/data/SONICS/EvalSet/diffrhythm2_099.mp3,0,0,0.02293
/data/SONICS/EvalSet/heartmula_090.mp3,0,0,0.01692
/data/SONICS/EvalSet/87u5Sw553U4.mp3,1,1,0.015076
/data/SONICS/EvalSet/sXKuf_TB2O8.mp3,1,1,0.01082
/data/SONICS/EvalSet/XJTTTamCzzU.mp3,1,1,0.01025
/data/SONICS/EvalSet/diffrhythm2_020.mp3,0,0,0.1194
/data/SONICS/EvalSet/2EqhbumNkOE.mp3,1,1,0.01187
/data/SONICS/EvalSet/JEoG9xp69Qs.mp3,1,1,0.008446
/data/SONICS/EvalSet/diffrhythm2_062.mp3,0,0,0.02298
/data/SONICS/EvalSet/cI9w6xiMZaM.mp3,1,1,0.012924
/data/SONICS/EvalSet/pI2eJrj53WQ.mp3,1,1,0.01155
/data/SONICS/EvalSet/heartmula_078.mp3,0,0,0.03622
/data/SONICS/EvalSet/songbloom_044.mp3,0,0,0.014786
/data/SONICS/EvalSet/heartmula_076.mp3,0,0,0.8325
/data/SONICS/EvalSet/ukbCqazvryo.mp3,1,1,0.015076
/data/SONICS/EvalSet/RkacMcljljU.mp3,1,1,0.0139
/data/SONICS/EvalSet/H3HaZXYMzzw.mp3,1,1,0.010056
/data/SONICS/EvalSet/lfXMJdkIpio.mp3,1,1,0.01257
/data/SONICS/EvalSet/songgeneration2_055.mp3,0,0,0.774
/data/SONICS/EvalSet/owvF3Vb0JhA.mp3,1,1,0.011826
/data/SONICS/EvalSet/DzlxVRD072Y.mp3,1,1,0.013374
/data/SONICS/EvalSet/QRuEriUOJPc.mp3,1,1,0.01025
/data/SONICS/EvalSet/diffrhythm2_041.mp3,0,0,0.02849
/data/SONICS/EvalSet/songbloom_062.mp3,0,0,0.0354
/data/SONICS/EvalSet/songbloom_027.mp3,0,0,0.09436
/data/SONICS/EvalSet/songbloom_036.mp3,0,0,0.04654
/data/SONICS/EvalSet/songgeneration2_077.mp3,0,0,0.04025
/data/SONICS/EvalSet/songbloom_004.mp3,0,0,0.015305
/data/SONICS/EvalSet/songgeneration2_054.mp3,0,0,0.03748
/data/SONICS/EvalSet/qDKHDJNKg9w.mp3,1,1,0.00993
/data/SONICS/EvalSet/-NZtpapVHmA.mp3,1,1,0.01082
/data/SONICS/EvalSet/xo_LI9sGKxY.mp3,1,1,0.01297
/data/SONICS/EvalSet/6Rb6-1bVA2U.mp3,1,1,0.012726
/data/SONICS/EvalSet/songgeneration2_071.mp3,0,0,0.09436
/data/SONICS/EvalSet/MyjSVqdutw0.mp3,1,1,0.02785
/data/SONICS/EvalSet/songbloom_051.mp3,0,0,0.0093
/data/SONICS/EvalSet/Peidt5bYKfg.mp3,1,1,0.01155
/data/SONICS/EvalSet/1w4lX5lRUvY.mp3,1,1,0.01348
/data/SONICS/EvalSet/k7HJlk7K5zk.mp3,1,1,0.01267
/data/SONICS/EvalSet/74stsDcAXYI.mp3,1,1,0.010735
/data/SONICS/EvalSet/v9JE94YaKv0.mp3,1,1,0.01692
/data/SONICS/EvalSet/tjPMxHDMfeI.mp3,1,1,0.01385
/data/SONICS/EvalSet/heartmula_088.mp3,0,0,0.012825
/data/SONICS/EvalSet/diffrhythm2_023.mp3,0,0,0.02034
/data/SONICS/EvalSet/p0MIFOb5etA.mp3,1,1,0.01116
/data/SONICS/EvalSet/Xs9-2pA1vuU.mp3,1,1,0.0161
/data/SONICS/EvalSet/3-OTPB2Vz70.mp3,1,1,0.01543
/data/SONICS/EvalSet/songbloom_076.mp3,0,0,0.02165
/data/SONICS/EvalSet/heartmula_045.mp3,0,0,0.0377
/data/SONICS/EvalSet/e58y60Ozhxs.mp3,1,1,0.01169
/data/SONICS/EvalSet/YGvScNJSMPI.mp3,1,1,0.01692
/data/SONICS/EvalSet/44Dwz--ASGI.mp3,1,1,0.01129
/data/SONICS/EvalSet/w9OXzX9ZzxM.mp3,1,1,0.01287
/data/SONICS/EvalSet/fmRI--BQeww.mp3,1,1,0.011826
/data/SONICS/EvalSet/heartmula_077.mp3,0,0,0.02518
/data/SONICS/EvalSet/uxbjhGAaYyw.mp3,1,1,0.0093
/data/SONICS/EvalSet/songgeneration2_028.mp3,0,0,0.01456
/data/SONICS/EvalSet/songgeneration2_040.mp3,0,0,0.03482
/data/SONICS/EvalSet/SAvQjn3dQ60.mp3,1,1,0.01267
/data/SONICS/EvalSet/songgeneration2_030.mp3,0,0,0.0149
/data/SONICS/EvalSet/songgeneration2_039.mp3,0,0,0.01837
/data/SONICS/EvalSet/jJBvD2lYXno.mp3,1,1,0.014336
/data/SONICS/EvalSet/v6y1b0MpH2Q.mp3,1,1,0.01307
/data/SONICS/EvalSet/songgeneration2_015.mp3,0,0,0.04922
/data/SONICS/EvalSet/v4WDcDvZb4I.mp3,1,1,0.01791
/data/SONICS/EvalSet/NyCgeYAQ6WM.mp3,1,1,0.01698
/data/SONICS/EvalSet/songgeneration2_097.mp3,0,0,0.01519
/data/SONICS/EvalSet/MUImGllgp24.mp3,1,1,0.01263
/data/SONICS/EvalSet/songbloom_003.mp3,0,0,0.01312
/data/SONICS/EvalSet/songbloom_018.mp3,0,0,0.02391
/data/SONICS/EvalSet/songgeneration2_021.mp3,0,0,0.03015
/data/SONICS/EvalSet/GRue13QOoK0.mp3,1,1,0.01257
/data/SONICS/EvalSet/Y-008ZVYQf4.mp3,1,1,0.0107
/data/SONICS/EvalSet/zH8NxTlzw7w.mp3,1,1,0.00948
/data/SONICS/EvalSet/F4TYeQT2_4s.mp3,1,1,0.01248
/data/SONICS/EvalSet/heartmula_029.mp3,0,0,0.0312
/data/SONICS/EvalSet/heartmula_027.mp3,0,0,0.01428
/data/SONICS/EvalSet/HmZkX_ynW9o.mp3,1,1,0.01033
/data/SONICS/EvalSet/7nseS15h0Y8.mp3,1,1,0.0164
/data/SONICS/EvalSet/ML0NFgm1sOM.mp3,1,1,0.01445
/data/SONICS/EvalSet/heartmula_011.mp3,0,0,0.01785
/data/SONICS/EvalSet/songgeneration2_099.mp3,0,0,0.02225
/data/SONICS/EvalSet/TvBUSPGJ3l0.mp3,1,1,0.01543
/data/SONICS/EvalSet/songgeneration2_023.mp3,0,0,0.01968
/data/SONICS/EvalSet/songbloom_064.mp3,0,0,0.01584
/data/SONICS/EvalSet/0mAKzXKRCL0.mp3,1,1,0.0116
/data/SONICS/EvalSet/songbloom_097.mp3,0,0,0.012726
/data/SONICS/EvalSet/44D8yeuPJLE.mp3,1,1,0.0183
/data/SONICS/EvalSet/heartmula_060.mp3,0,0,0.02328
/data/SONICS/EvalSet/bWuXhENF9u0.mp3,1,1,0.009125
/data/SONICS/EvalSet/diffrhythm2_043.mp3,0,0,0.0267
/data/SONICS/EvalSet/songbloom_052.mp3,0,0,0.01322
/data/SONICS/EvalSet/songbloom_025.mp3,0,0,0.01917
/data/SONICS/EvalSet/songbloom_033.mp3,0,0,0.1877
/data/SONICS/EvalSet/diffrhythm2_002.mp3,0,0,0.013794
/data/SONICS/EvalSet/diffrhythm2_037.mp3,0,0,0.08417
/data/SONICS/EvalSet/heartmula_022.mp3,0,0,0.01917
/data/SONICS/EvalSet/MBd1f2eWHwo.mp3,1,1,0.01519
/data/SONICS/EvalSet/songbloom_082.mp3,0,0,0.0384
/data/SONICS/EvalSet/songgeneration2_058.mp3,0,0,0.04788
/data/SONICS/EvalSet/s4mr5sV_New.mp3,1,1,0.01133
/data/SONICS/EvalSet/heartmula_096.mp3,0,0,0.02092
/data/SONICS/EvalSet/LcGvGwgKF_s.mp3,1,1,0.01971
/data/SONICS/EvalSet/LZaBkLWrkZc.mp3,1,1,0.04492
/data/SONICS/EvalSet/songbloom_034.mp3,0,0,0.0159
/data/SONICS/EvalSet/songgeneration2_088.mp3,0,0,0.02084
/data/SONICS/EvalSet/songbloom_047.mp3,0,0,0.01333
/data/SONICS/EvalSet/diffrhythm2_088.mp3,0,0,0.00974
/data/SONICS/EvalSet/heartmula_071.mp3,0,0,0.00956
/data/SONICS/EvalSet/diffrhythm2_065.mp3,0,0,0.3464
/data/SONICS/EvalSet/RQ693mYTN0Q.mp3,1,1,0.01082
/data/SONICS/EvalSet/IRsRt9nvZUk.mp3,1,1,0.01343
/data/SONICS/EvalSet/songgeneration2_029.mp3,0,0,0.03748
/data/SONICS/EvalSet/LAPoyYx5Tp0.mp3,1,1,0.01363
/data/SONICS/EvalSet/uTwf0ReeU98.mp3,1,1,0.01253
/data/SONICS/EvalSet/SlHiKmVnxss.mp3,1,1,0.01363
/data/SONICS/EvalSet/diffrhythm2_019.mp3,0,0,0.014114
/data/SONICS/EvalSet/diffrhythm2_033.mp3,0,0,0.01678
/data/SONICS/EvalSet/heartmula_008.mp3,0,0,0.01253
/data/SONICS/EvalSet/IJlMkFR7QkE.mp3,1,1,0.01456
/data/SONICS/EvalSet/QsLLUacxMc0.mp3,1,1,0.01423
/data/SONICS/EvalSet/TLG9MGGzzig.mp3,1,1,0.01082
/data/SONICS/EvalSet/heartmula_046.mp3,0,0,0.01513
/data/SONICS/EvalSet/aALKWUkqTa4.mp3,1,1,0.01201
/data/SONICS/EvalSet/heartmula_023.mp3,0,0,0.01322
/data/SONICS/EvalSet/songgeneration2_057.mp3,0,0,0.0386
/data/SONICS/EvalSet/JTyjhNtrfyY.mp3,1,1,0.02242
/data/SONICS/EvalSet/heartmula_010.mp3,0,0,0.02817
/data/SONICS/EvalSet/songbloom_078.mp3,0,0,0.0222
/data/SONICS/EvalSet/songbloom_069.mp3,0,0,0.02194
/data/SONICS/EvalSet/songgeneration2_073.mp3,0,0,0.04282
/data/SONICS/EvalSet/X8_Zk5a9nEE.mp3,1,1,0.010735
/data/SONICS/EvalSet/songgeneration2_075.mp3,0,0,0.09827
/data/SONICS/EvalSet/songbloom_055.mp3,0,0,0.02386
/data/SONICS/EvalSet/songgeneration2_078.mp3,0,0,0.01678
/data/SONICS/EvalSet/songbloom_063.mp3,0,0,0.011826
/data/SONICS/EvalSet/hAbmimbaFHE.mp3,1,1,0.0164
/data/SONICS/EvalSet/v_u_yEayRSw.mp3,1,1,0.01653
/data/SONICS/EvalSet/jpLGIjtncXs.mp3,1,1,0.015305
/data/SONICS/EvalSet/diffrhythm2_007.mp3,0,0,0.01401
/data/SONICS/EvalSet/wSCyF6sbyTs.mp3,1,1,0.01133
/data/SONICS/EvalSet/heartmula_049.mp3,0,0,0.02153
/data/SONICS/EvalSet/iNfr0D0HcBY.mp3,1,1,0.01219
/data/SONICS/EvalSet/Gc1URQgQWNo.mp3,1,1,0.0171
/data/SONICS/EvalSet/Z1jeKqp6j4U.mp3,1,1,0.01343
/data/SONICS/EvalSet/songgeneration2_044.mp3,0,0,0.01456
/data/SONICS/EvalSet/songbloom_053.mp3,0,0,0.01302
/data/SONICS/EvalSet/fhkO7UFYL78.mp3,1,1,0.01219
/data/SONICS/EvalSet/ZTOJRQMFgEU.mp3,1,1,0.0237
/data/SONICS/EvalSet/songbloom_079.mp3,0,0,0.0228
/data/SONICS/EvalSet/diffrhythm2_057.mp3,0,0,0.014336
/data/SONICS/EvalSet/heartmula_018.mp3,0,0,0.01374
/data/SONICS/EvalSet/songgeneration2_063.mp3,0,0,0.2224
/data/SONICS/EvalSet/diffrhythm2_098.mp3,0,0,0.02232
/data/SONICS/EvalSet/dNCXvwkYRCc.mp3,1,1,0.01192
/data/SONICS/EvalSet/songbloom_073.mp3,0,0,0.00472
/data/SONICS/EvalSet/diffrhythm2_022.mp3,0,0,0.734
/data/SONICS/EvalSet/g1LzMN3XMEo.mp3,1,1,0.013374
/data/SONICS/EvalSet/h3DiULmdhqU.mp3,1,1,0.01374
/data/SONICS/EvalSet/XOh4BGYmSPc.mp3,1,1,0.01229
/data/SONICS/EvalSet/uLOBVEAnu7c.mp3,1,1,0.01363
/data/SONICS/EvalSet/songgeneration2_003.mp3,0,0,0.03162
/data/SONICS/EvalSet/heartmula_080.mp3,0,0,0.03198
/data/SONICS/EvalSet/diffrhythm2_087.mp3,0,0,0.02153
/data/SONICS/EvalSet/jifSMfNF3QU.mp3,1,1,0.01192
/data/SONICS/EvalSet/songbloom_085.mp3,0,0,0.1086
/data/SONICS/EvalSet/yL_cXBsu6Qw.mp3,1,1,0.01086
/data/SONICS/EvalSet/songgeneration2_086.mp3,0,0,0.012726
/data/SONICS/EvalSet/songgeneration2_068.mp3,0,0,0.5195
/data/SONICS/EvalSet/songbloom_065.mp3,0,0,0.0717
/data/SONICS/EvalSet/songgeneration2_031.mp3,0,0,0.0196
/data/SONICS/EvalSet/songbloom_091.mp3,0,0,0.0109
/data/SONICS/EvalSet/songgeneration2_024.mp3,0,0,0.01567
/data/SONICS/EvalSet/songbloom_002.mp3,0,0,0.014114
/data/SONICS/EvalSet/songbloom_023.mp3,0,0,0.014175
/data/SONICS/EvalSet/CU34ZpzpT8U.mp3,1,1,0.01078
/data/SONICS/EvalSet/__e8n8z5v_g.mp3,1,1,0.0116
/data/SONICS/EvalSet/NQY1AA6LL_8.mp3,1,1,0.01065
/data/SONICS/EvalSet/mOXJIGFEn8k.mp3,1,1,0.01248
/data/SONICS/EvalSet/3ztNrQAp0Y4.mp3,1,1,0.01253
/data/SONICS/EvalSet/pZ64fV6ORGU.mp3,1,1,0.014175
/data/SONICS/EvalSet/PcYJ3Xzwnlw.mp3,1,1,0.01307
/data/SONICS/EvalSet/songgeneration2_000.mp3,0,0,0.02513
/data/SONICS/EvalSet/songgeneration2_033.mp3,0,0,0.03705
/data/SONICS/EvalSet/songgeneration2_025.mp3,0,0,0.0346
/data/SONICS/EvalSet/songgeneration2_098.mp3,0,0,0.01653
/data/SONICS/EvalSet/E2CP8PbRE_8.mp3,1,1,0.012726
/data/SONICS/EvalSet/songbloom_009.mp3,0,0,0.012726
/data/SONICS/EvalSet/_VmNGXnNtkU.mp3,1,1,0.01363
/data/SONICS/EvalSet/songbloom_020.mp3,0,0,0.0321
/data/SONICS/EvalSet/heartmula_068.mp3,0,0,0.03137
/data/SONICS/EvalSet/seZfDS7SCCc.mp3,1,1,0.01201
/data/SONICS/EvalSet/songgeneration2_050.mp3,0,0,0.0371
/data/SONICS/EvalSet/TYmQDp7b7UQ.mp3,1,1,0.0173
/data/SONICS/EvalSet/heartmula_000.mp3,0,0,0.01672
/data/SONICS/EvalSet/heartmula_005.mp3,0,0,0.02307
/data/SONICS/EvalSet/songgeneration2_026.mp3,0,0,0.01678
/data/SONICS/EvalSet/VdOwyAapxKo.mp3,1,1,0.014175
/data/SONICS/EvalSet/-NNXv_89OX0.mp3,1,1,0.014336
/data/SONICS/EvalSet/songbloom_088.mp3,0,0,0.0451
/data/SONICS/EvalSet/songgeneration2_062.mp3,0,0,0.01164
/data/SONICS/EvalSet/songbloom_058.mp3,0,0,0.012726
/data/SONICS/EvalSet/r95xxwXKMvY.mp3,1,1,0.012825
/data/SONICS/EvalSet/EImGvaNb9Ow.mp3,1,1,0.01554
/data/SONICS/EvalSet/songbloom_019.mp3,0,0,0.02002
/data/SONICS/EvalSet/heartmula_014.mp3,0,0,0.02377
/data/SONICS/EvalSet/jDzxv1WEs0k.mp3,1,1,0.01201
/data/SONICS/EvalSet/71yNPezW7Ko.mp3,1,1,0.01484
/data/SONICS/EvalSet/3ZKyfu2bNfQ.mp3,1,1,0.012924
/data/SONICS/EvalSet/TCm6BiJlGKc.mp3,1,1,0.01554
/data/SONICS/EvalSet/JwnRu43CeWY.mp3,1,1,0.01187
/data/SONICS/EvalSet/3AwJEQyqRnM.mp3,1,1,0.011116
/data/SONICS/EvalSet/songgeneration2_052.mp3,0,0,0.01257
/data/SONICS/EvalSet/YMp8jf3Zh_o.mp3,1,1,0.01744
/data/SONICS/EvalSet/heartmula_097.mp3,0,0,0.01277
/data/SONICS/EvalSet/g9iGKAvUOMg.mp3,1,1,0.01116
/data/SONICS/EvalSet/diffrhythm2_028.mp3,0,0,0.04346
/data/SONICS/EvalSet/heartmula_026.mp3,0,0,0.02002
/data/SONICS/EvalSet/songgeneration2_020.mp3,0,0,0.025
/data/SONICS/EvalSet/hRap7PvNqNg.mp3,1,1,0.012924
/data/SONICS/EvalSet/songbloom_038.mp3,0,0,0.01192
/data/SONICS/EvalSet/ihOK3B1Wwpg.mp3,1,1,0.01164
/data/SONICS/EvalSet/KJfVzOdp5c0.mp3,1,1,0.0139
/data/SONICS/EvalSet/8aclQZse9ZA.mp3,1,1,0.013794
/data/SONICS/EvalSet/heartmula_079.mp3,0,0,0.03192
/data/SONICS/EvalSet/songbloom_093.mp3,0,0,0.03705
/data/SONICS/EvalSet/JSJ_mvVOjQs.mp3,1,1,0.01078
/data/SONICS/EvalSet/vyjGo44MZOM.mp3,1,1,0.01001
/data/SONICS/EvalSet/lvm2Ij7cJBw.mp3,1,1,0.01196
/data/SONICS/EvalSet/95137th6lFw.mp3,1,1,0.01049
/data/SONICS/EvalSet/1rAgFjkvbOs.mp3,1,1,0.01277
/data/SONICS/EvalSet/MwbEzZciDB4.mp3,1,1,0.008316
/data/SONICS/EvalSet/5Jbo_eZUoRM.mp3,1,1,0.01718
/data/SONICS/EvalSet/her7kAsGrd8.mp3,1,1,0.01554
/data/SONICS/EvalSet/gB4w-2bEKKc.mp3,1,1,0.01142
/data/SONICS/EvalSet/RZCQ9THWZKE.mp3,1,1,0.01685
/data/SONICS/EvalSet/Vb4m5pYnw1U.mp3,1,1,0.01057
/data/SONICS/EvalSet/7T6OUph9AcU.mp3,1,1,0.01752
/data/SONICS/EvalSet/diffrhythm2_077.mp3,0,0,0.02002
/data/SONICS/EvalSet/diffrhythm2_035.mp3,0,0,0.01116
/data/SONICS/EvalSet/songgeneration2_047.mp3,0,0,0.4736
/data/SONICS/EvalSet/bBV4iRySzmk.mp3,1,1,0.01219
/data/SONICS/EvalSet/heartmula_069.mp3,0,0,0.015015
/data/SONICS/EvalSet/heartmula_063.mp3,0,0,0.03102
/data/SONICS/EvalSet/zhX6pwdZej8.mp3,1,1,0.0192
/data/SONICS/EvalSet/diffrhythm2_009.mp3,0,0,0.02267
/data/SONICS/EvalSet/TFWWeydJTp0.mp3,1,1,0.01456
/data/SONICS/EvalSet/NjCpN521g4g.mp3,1,1,0.02533
/data/SONICS/EvalSet/songbloom_001.mp3,0,0,0.01927
/data/SONICS/EvalSet/heartmula_009.mp3,0,0,0.0206
/data/SONICS/EvalSet/songgeneration2_048.mp3,0,0,0.04803
/data/SONICS/EvalSet/heartmula_084.mp3,0,0,0.02069
/data/SONICS/EvalSet/FDARoUs6NEg.mp3,1,1,0.01277
/data/SONICS/EvalSet/songbloom_011.mp3,0,0,0.02333
/data/SONICS/EvalSet/hIKyLi1IC2w.mp3,1,1,0.011375
/data/SONICS/EvalSet/-0sQO3HwoRs.mp3,1,1,0.01009
/data/SONICS/EvalSet/uk-CGlB1G4U.mp3,1,1,0.0451
/data/SONICS/EvalSet/songbloom_007.mp3,0,0,0.02711
/data/SONICS/EvalSet/BJN0HvZ3LXo.mp3,1,1,0.01133
/data/SONICS/EvalSet/TXY7NaOT5-8.mp3,1,1,0.0184
/data/SONICS/EvalSet/3yHDUM78VrQ.mp3,1,1,0.01243
/data/SONICS/EvalSet/jl5_QKKJULk.mp3,1,1,0.01164
/data/SONICS/EvalSet/heartmula_035.mp3,0,0,0.014114
/data/SONICS/EvalSet/heartmula_062.mp3,0,0,0.0149
/data/SONICS/EvalSet/eUKqJ38w2MU.mp3,1,1,0.01017
/data/SONICS/EvalSet/DQmVq7IhdPc.mp3,1,1,0.01116
/data/SONICS/EvalSet/diffrhythm2_079.mp3,0,0,0.011734
/data/SONICS/EvalSet/songbloom_010.mp3,0,0,0.0403
/data/SONICS/EvalSet/diffrhythm2_085.mp3,0,0,0.01363
/data/SONICS/EvalSet/_ZJEsfPDUKg.mp3,1,1,0.01758
/data/SONICS/EvalSet/1pljc8Pe63Y.mp3,1,1,0.00952
/data/SONICS/EvalSet/diffrhythm2_055.mp3,0,0,0.00971
/data/SONICS/EvalSet/songbloom_046.mp3,0,0,0.01385
/data/SONICS/EvalSet/hB7JQRdOl4g.mp3,1,1,0.01423
/data/SONICS/EvalSet/diffrhythm2_013.mp3,0,0,0.1869
/data/SONICS/EvalSet/OO6_R2H72V8.mp3,1,1,0.00986
/data/SONICS/EvalSet/zMPA9_2Pfr8.mp3,1,1,0.01307
/data/SONICS/EvalSet/songbloom_092.mp3,0,0,0.0263
/data/SONICS/EvalSet/heartmula_092.mp3,0,0,0.015015
/data/SONICS/EvalSet/wgLKtaqkcYs.mp3,1,1,0.01333
/data/SONICS/EvalSet/jUG4tONPI98.mp3,1,1,0.00892
/data/SONICS/EvalSet/_b2b1hVvlyc.mp3,1,1,0.01082
/data/SONICS/EvalSet/songbloom_012.mp3,0,0,0.0217
/data/SONICS/EvalSet/songbloom_008.mp3,0,0,0.02232
/data/SONICS/EvalSet/songgeneration2_032.mp3,0,0,0.2986
/data/SONICS/EvalSet/Rk0xl3JOiN0.mp3,1,1,0.011734
/data/SONICS/EvalSet/songgeneration2_045.mp3,0,0,0.0265
/data/SONICS/EvalSet/heartmula_083.mp3,0,0,0.02475
/data/SONICS/EvalSet/songgeneration2_027.mp3,0,0,0.01906
/data/SONICS/EvalSet/jqTgWhSsF6w.mp3,1,1,0.0107
/data/SONICS/EvalSet/8EeKwJjBavE.mp3,1,1,0.012924
/data/SONICS/EvalSet/heartmula_082.mp3,0,0,0.04257
/data/SONICS/EvalSet/songbloom_006.mp3,0,0,0.04922
/data/SONICS/EvalSet/songgeneration2_093.mp3,0,0,0.0671
/data/SONICS/EvalSet/bNVwu5LEFRA.mp3,1,1,0.01369
/data/SONICS/EvalSet/2ZzUpDlQVzU.mp3,1,1,0.01572
/data/SONICS/EvalSet/diffrhythm2_053.mp3,0,0,0.01854
/data/SONICS/EvalSet/heartmula_067.mp3,0,0,0.01938
/data/SONICS/EvalSet/N_oFJuYU8fA.mp3,1,1,0.0121
/data/SONICS/EvalSet/diffrhythm2_016.mp3,0,0,0.0183
/data/SONICS/EvalSet/RlGJFNzSkeM.mp3,1,1,0.01238
/data/SONICS/EvalSet/hAD9q67G6aA.mp3,1,1,0.02211
/data/SONICS/EvalSet/heartmula_021.mp3,0,0,0.2299
/data/SONICS/EvalSet/heartmula_099.mp3,0,0,0.01578
/data/SONICS/EvalSet/diffrhythm2_083.mp3,0,0,0.02237
/data/SONICS/EvalSet/ukick72Qafc.mp3,1,1,0.01348
/data/SONICS/EvalSet/diffrhythm2_048.mp3,0,0,0.0228
/data/SONICS/EvalSet/songgeneration2_007.mp3,0,0,0.02254
/data/SONICS/EvalSet/JcVHA3vE7os.mp3,1,1,0.01854
/data/SONICS/EvalSet/songgeneration2_009.mp3,0,0,0.01912
/data/SONICS/EvalSet/EjmTMWm4xeQ.mp3,1,1,0.01086
/data/SONICS/EvalSet/ffkFFBHjUiI.mp3,1,1,0.01999
/data/SONICS/EvalSet/CivxQp3o3FU.mp3,1,1,0.01653
/data/SONICS/EvalSet/heartmula_066.mp3,0,0,0.012825
/data/SONICS/EvalSet/diffrhythm2_070.mp3,0,0,0.0395
/data/SONICS/EvalSet/VLcm91hdx78.mp3,1,1,0.014114
/data/SONICS/EvalSet/heartmula_074.mp3,0,0,0.8945
/data/SONICS/EvalSet/I1A05b8pEI4.mp3,1,1,0.0096
/data/SONICS/EvalSet/songbloom_060.mp3,0,0,0.03876
/data/SONICS/EvalSet/2W059J3YJZc.mp3,1,1,0.01196
/data/SONICS/EvalSet/songgeneration2_046.mp3,0,0,0.00654
/data/SONICS/EvalSet/9yzpgTKhyqY.mp3,1,1,0.01602
/data/SONICS/EvalSet/FIoYopzXHyc.mp3,1,1,0.01953
/data/SONICS/EvalSet/diffrhythm2_010.mp3,0,0,0.01549
/data/SONICS/EvalSet/heartmula_043.mp3,0,0,0.01519
/data/SONICS/EvalSet/F3Bw-Cs7wgk.mp3,1,1,0.01192
